credit_card_id,status
CcU-2938,active
CcU-2945,active
CcU-2952,active
CcU-2959,active
CcU-2966,active
CcU-2973,active
CcU-2980,active
CcU-2987,active
CcU-2994,active
CcU-3001,active
CcU-3008,active
CcU-3015,active
CcU-3022,active
CcU-3029,active
CcU-3036,active
CcU-3043,active
CcU-3050,active
CcU-3057,active
CcU-3064,active
CcU-3071,active
CcU-3078,active
CcU-3085,active
CcU-3092,active
CcU-3099,active
CcU-3106,active
CcU-3113,active
CcU-3120,active
CcU-3127,active
CcU-3134,active
CcU-3141,active
CcU-3148,active
CcU-3155,active
CcU-3162,active
CcU-3169,active
CcU-3176,active
CcU-3183,active
CcU-3190,active
CcU-3197,active
CcU-3204,active
CcU-3211,active
CcU-3218,active
CcU-3225,active
CcU-3232,active
CcU-3239,active
CcU-3246,active
CcU-3253,active
CcU-3260,active
CcU-3267,active
CcU-3274,active
CcU-3281,active
CcU-3288,active
CcU-3295,active
CcU-3302,active
CcU-3309,active
CcU-3316,active
CcU-3323,active
CcU-3330,active
CcU-3337,active
CcU-3344,active
CcU-3351,active
CcU-3358,active
CcU-3365,active
CcU-3372,active
CcU-3379,active
CcU-3386,active
CcU-3393,active
CcU-3400,active
CcU-3407,active
CcU-3414,active
CcU-3421,active
CcU-3428,active
CcU-3435,active
CcU-3442,active
CcU-3449,active
CcU-3456,active
CcU-3463,active
CcU-3470,active
CcU-3477,active
CcU-3484,active
CcU-3491,active
CcU-3498,active
CcU-3505,active
CcU-3512,active
CcU-3519,active
CcU-3526,active
CcU-3533,active
CcU-3540,active
CcU-3547,active
CcU-3554,active
CcU-3561,active
CcU-3568,active
CcU-3575,active
CcU-3582,active
CcU-3589,active
CcU-3596,active
CcU-3603,active
CcU-3610,active
CcU-3617,active
CcU-3624,active
CcU-3631,active
CcU-3638,active
CcU-3645,active
CcU-3652,active
CcU-3659,active
CcU-3666,active
CcU-3673,active
CcU-3680,active
CcU-3687,active
CcU-3694,active
CcU-3701,active
CcU-3708,active
CcU-3715,active
CcU-3722,active
CcU-3729,active
CcU-3736,active
CcU-3743,active
CcU-3750,active
CcU-3757,active
CcU-3764,active
CcU-3771,active
CcU-3778,active
CcU-3785,active
CcU-3792,active
CcU-3799,active
CcU-3806,active
CcU-3813,active
CcU-3820,active
CcU-3827,active
CcU-3834,active
CcU-3841,active
CcU-3848,active
CcU-3855,active
CcU-3862,active
CcU-3869,active
CcU-3876,active
CcU-3883,active
CcU-3890,active
CcU-3897,active
CcU-3904,active
CcU-3911,active
CcU-3918,active
CcU-3925,active
CcU-3932,active
CcU-3939,active
CcU-3946,active
CcU-3953,active
CcU-3960,active
CcU-3967,active
CcU-3974,active
CcU-3981,active
CcU-3988,active
CcU-3995,active
CcU-4002,active
CcU-4009,active
CcU-4016,active
CcU-4023,active
CcU-4030,active
CcU-4037,active
CcU-4044,active
CcU-4051,active
CcU-4058,active
CcU-4065,active
CcU-4072,active
CcU-4079,active
CcU-4086,active
CcU-4093,active
CcU-4100,active
CcU-4107,active
CcU-4114,active
CcU-4121,active
CcU-4128,active
CcU-4135,active
CcU-4142,active
CcU-4149,active
CcU-4156,active
CcU-4163,active
CcU-4170,active
CcU-4177,active
CcU-4184,active
CcU-4191,active
CcU-4198,active
CcU-4205,active
CcU-4212,active
CcU-4219,active
CcU-4226,active
CcU-4233,active
CcU-4240,active
CcU-4247,active
CcU-4254,active
CcU-4261,active
CcU-4268,active
CcU-4275,active
CcU-4282,active
CcU-4289,active
CcU-4296,active
CcU-4303,active
CcU-4310,active
CcU-4317,active
CcU-4324,active
CcU-4331,active
CcU-4338,active
CcU-4345,active
CcU-4352,active
CcU-4359,active
CcU-4366,active
CcU-4373,active
CcU-4380,active
CcU-4387,active
CcU-4394,active
CcU-4401,active
CcU-4408,active
CcU-4415,active
CcU-4422,active
CcU-4429,active
CcU-4436,active
CcU-4443,active
CcU-4450,active
CcU-4457,active
CcU-4464,active
CcU-4471,active
CcU-4478,active
CcU-4485,active
CcU-4492,active
CcU-4499,active
CcU-4506,active
CcU-4513,active
CcU-4520,active
CcU-4527,active
CcU-4534,active
CcU-4541,active
CcU-4548,active
CcU-4555,active
CcU-4562,active
CcU-4569,active
CcU-4576,active
CcU-4583,active
CcU-4590,active
CcU-4597,active
CcU-4604,active
CcU-4611,active
CcU-4618,active
CcU-4625,active
CcU-4632,active
CcU-4639,active
CcU-4646,active
CcU-4653,active
CcU-4660,active
CcU-4667,active
CcU-4674,active
CcU-4681,active
CcU-4688,active
CcU-4695,active
CcU-4702,active
CcU-4709,active
CcU-4716,active
CcU-4723,active
CcU-4730,active
CcU-4737,active
CcU-4744,active
CcU-4751,active
CcU-4758,active
CcU-4765,active
CcU-4772,active
CcU-4779,active
CcU-4786,active
CcU-4793,active
CcU-4800,active
CcU-4807,active
CcU-4814,active
CcU-4821,active
CcU-4828,active
CcU-4835,active
CcU-4842,active
CcU-4849,active
CcU-4856,active
